{"cameraMode":{"drawMode":0,"name":"Shaded","section":"Shading Mode"},"sceneLighting":true,"audioPlay":false,"sceneViewState":{"m_AlwaysRefresh":false,"showFog":true,"showSkybox":true,"showFlares":true,"showImageEffects":true,"showParticleSystems":true,"showVisualEffectGraphs":true,"m_FxEnabled":true},"in2DMode":false,"pivot":{"x":10.88141918182373,"y":8.913768768310547,"z":-6.651569366455078},"rotation":{"x":0.11242479085922241,"y":0.052450694143772128,"z":-0.005951167084276676,"w":0.9923484325408936},"size":7.852081298828125,"orthographic":false}